,label
0,non_fiction_genre
1,non_fiction_genre
2,non_fiction_genre
3,non_fiction_genre
4,non_fiction_genre
5,non_fiction_genre
6,non_fiction_genre
7,non_fiction_genre
8,non_fiction_genre
9,non_fiction_genre
10,non_fiction_genre
11,non_fiction_genre
12,non_fiction_genre
13,non_fiction_genre
14,non_fiction_genre
15,non_fiction_genre
16,non_fiction_genre
17,non_fiction_genre
18,non_fiction_genre
19,non_fiction_genre
20,non_fiction_genre
21,non_fiction_genre
22,non_fiction_genre
23,non_fiction_genre
24,non_fiction_genre
25,non_fiction_genre
26,non_fiction_genre
27,non_fiction_genre
28,non_fiction_genre
29,non_fiction_genre
30,non_fiction_genre
31,non_fiction_genre
32,non_fiction_genre
33,non_fiction_genre
34,non_fiction_genre
35,non_fiction_genre
36,non_fiction_genre
37,non_fiction_genre
38,non_fiction_genre
39,non_fiction_genre
40,non_fiction_genre
41,non_fiction_genre
42,non_fiction_genre
43,non_fiction_genre
44,non_fiction_genre
45,non_fiction_genre
46,non_fiction_genre
47,non_fiction_genre
48,non_fiction_genre
49,non_fiction_genre
50,non_fiction_genre
51,non_fiction_genre
52,non_fiction_genre
53,non_fiction_genre
54,non_fiction_genre
55,non_fiction_genre
56,non_fiction_genre
57,non_fiction_genre
58,non_fiction_genre
59,non_fiction_genre
60,non_fiction_genre
61,non_fiction_genre
62,non_fiction_genre
63,non_fiction_genre
64,non_fiction_genre
65,non_fiction_genre
66,non_fiction_genre
67,non_fiction_genre
68,non_fiction_genre
69,non_fiction_genre
70,non_fiction_genre
71,non_fiction_genre
72,non_fiction_genre
73,non_fiction_genre
74,non_fiction_genre
75,non_fiction_genre
76,non_fiction_genre
77,non_fiction_genre
78,non_fiction_genre
79,non_fiction_genre
80,non_fiction_genre
81,non_fiction_genre
82,non_fiction_genre
83,non_fiction_genre
84,non_fiction_genre
85,non_fiction_genre
86,non_fiction_genre
87,non_fiction_genre
88,non_fiction_genre
89,non_fiction_genre
90,non_fiction_genre
91,non_fiction_genre
92,non_fiction_genre
93,non_fiction_genre
94,non_fiction_genre
95,non_fiction_genre
96,non_fiction_genre
97,non_fiction_genre
98,non_fiction_genre
99,non_fiction_genre
100,non_fiction_genre
101,non_fiction_genre
102,non_fiction_genre
103,non_fiction_genre
104,non_fiction_genre
105,non_fiction_genre
106,non_fiction_genre
107,non_fiction_genre
108,non_fiction_genre
109,non_fiction_genre
110,non_fiction_genre
111,non_fiction_genre
112,non_fiction_genre
113,non_fiction_genre
114,non_fiction_genre
115,non_fiction_genre
116,non_fiction_genre
117,non_fiction_genre
118,non_fiction_genre
119,non_fiction_genre
120,non_fiction_genre
121,non_fiction_genre
122,non_fiction_genre
123,non_fiction_genre
124,non_fiction_genre
125,non_fiction_genre
126,non_fiction_genre
127,non_fiction_genre
128,non_fiction_genre
129,non_fiction_genre
130,non_fiction_genre
131,non_fiction_genre
132,non_fiction_genre
133,non_fiction_genre
134,non_fiction_genre
135,non_fiction_genre
136,non_fiction_genre
137,non_fiction_genre
138,non_fiction_genre
139,non_fiction_genre
140,non_fiction_genre
141,non_fiction_genre
142,non_fiction_genre
143,non_fiction_genre
144,non_fiction_genre
145,non_fiction_genre
146,non_fiction_genre
147,non_fiction_genre
148,non_fiction_genre
149,non_fiction_genre
150,non_fiction_genre
151,non_fiction_genre
152,non_fiction_genre
153,non_fiction_genre
154,non_fiction_genre
155,non_fiction_genre
156,non_fiction_genre
157,non_fiction_genre
158,non_fiction_genre
159,non_fiction_genre
160,non_fiction_genre
161,non_fiction_genre
162,non_fiction_genre
163,non_fiction_genre
164,non_fiction_genre
165,non_fiction_genre
166,non_fiction_genre
167,non_fiction_genre
168,non_fiction_genre
169,non_fiction_genre
170,non_fiction_genre
171,non_fiction_genre
172,non_fiction_genre
173,non_fiction_genre
174,non_fiction_genre
175,non_fiction_genre
176,non_fiction_genre
177,non_fiction_genre
178,non_fiction_genre
179,non_fiction_genre
180,non_fiction_genre
181,non_fiction_genre
182,non_fiction_genre
183,non_fiction_genre
184,non_fiction_genre
185,non_fiction_genre
186,non_fiction_genre
187,non_fiction_genre
188,non_fiction_genre
189,non_fiction_genre
190,non_fiction_genre
191,non_fiction_genre
192,non_fiction_genre
193,non_fiction_genre
194,non_fiction_genre
195,non_fiction_genre
196,non_fiction_genre
197,non_fiction_genre
198,non_fiction_genre
199,non_fiction_genre
200,non_fiction_genre
201,non_fiction_genre
202,non_fiction_genre
203,non_fiction_genre
204,non_fiction_genre
205,non_fiction_genre
206,non_fiction_genre
207,non_fiction_genre
208,non_fiction_genre
209,non_fiction_genre
210,non_fiction_genre
211,non_fiction_genre
212,non_fiction_genre
213,non_fiction_genre
214,non_fiction_genre
215,non_fiction_genre
216,non_fiction_genre
217,non_fiction_genre
218,non_fiction_genre
219,non_fiction_genre
220,non_fiction_genre
221,non_fiction_genre
222,non_fiction_genre
223,non_fiction_genre
224,non_fiction_genre
225,non_fiction_genre
226,non_fiction_genre
227,non_fiction_genre
228,non_fiction_genre
229,non_fiction_genre
230,non_fiction_genre
231,non_fiction_genre
232,non_fiction_genre
233,non_fiction_genre
234,non_fiction_genre
235,non_fiction_genre
236,non_fiction_genre
237,non_fiction_genre
238,non_fiction_genre
239,non_fiction_genre
240,non_fiction_genre
241,non_fiction_genre
242,non_fiction_genre
243,non_fiction_genre
244,non_fiction_genre
245,non_fiction_genre
246,non_fiction_genre
247,non_fiction_genre
248,non_fiction_genre
249,non_fiction_genre
250,non_fiction_genre
251,non_fiction_genre
252,non_fiction_genre
253,non_fiction_genre
254,non_fiction_genre
255,non_fiction_genre
256,non_fiction_genre
257,non_fiction_genre
258,non_fiction_genre
259,non_fiction_genre
260,non_fiction_genre
261,non_fiction_genre
262,non_fiction_genre
263,non_fiction_genre
264,non_fiction_genre
265,non_fiction_genre
266,non_fiction_genre
267,non_fiction_genre
268,non_fiction_genre
269,non_fiction_genre
270,non_fiction_genre
271,non_fiction_genre
272,non_fiction_genre
273,non_fiction_genre
274,non_fiction_genre
275,non_fiction_genre
276,non_fiction_genre
277,non_fiction_genre
278,non_fiction_genre
279,non_fiction_genre
280,non_fiction_genre
281,non_fiction_genre
282,non_fiction_genre
283,non_fiction_genre
284,non_fiction_genre
285,non_fiction_genre
286,non_fiction_genre
287,non_fiction_genre
288,non_fiction_genre
289,non_fiction_genre
290,non_fiction_genre
291,non_fiction_genre
292,non_fiction_genre
293,non_fiction_genre
294,non_fiction_genre
295,non_fiction_genre
296,non_fiction_genre
297,non_fiction_genre
298,non_fiction_genre
299,non_fiction_genre
300,non_fiction_genre
301,non_fiction_genre
302,non_fiction_genre
303,non_fiction_genre
304,non_fiction_genre
305,non_fiction_genre
306,non_fiction_genre
307,non_fiction_genre
308,non_fiction_genre
309,non_fiction_genre
310,non_fiction_genre
311,non_fiction_genre
312,non_fiction_genre
313,non_fiction_genre
314,non_fiction_genre
315,non_fiction_genre
316,non_fiction_genre
317,non_fiction_genre
318,non_fiction_genre
319,non_fiction_genre
320,non_fiction_genre
321,non_fiction_genre
322,non_fiction_genre
323,non_fiction_genre
324,non_fiction_genre
325,non_fiction_genre
326,non_fiction_genre
327,non_fiction_genre
328,non_fiction_genre
329,non_fiction_genre
330,non_fiction_genre
331,non_fiction_genre
332,non_fiction_genre
333,non_fiction_genre
334,non_fiction_genre
335,non_fiction_genre
336,non_fiction_genre
337,non_fiction_genre
338,non_fiction_genre
339,non_fiction_genre
340,non_fiction_genre
341,non_fiction_genre
342,non_fiction_genre
343,non_fiction_genre
344,non_fiction_genre
345,non_fiction_genre
346,non_fiction_genre
347,non_fiction_genre
348,non_fiction_genre
349,non_fiction_genre
350,non_fiction_genre
351,non_fiction_genre
352,non_fiction_genre
353,non_fiction_genre
354,non_fiction_genre
355,non_fiction_genre
356,non_fiction_genre
357,non_fiction_genre
358,non_fiction_genre
359,non_fiction_genre
360,non_fiction_genre
361,non_fiction_genre
362,non_fiction_genre
363,non_fiction_genre
364,non_fiction_genre
365,non_fiction_genre
366,non_fiction_genre
367,non_fiction_genre
368,non_fiction_genre
369,non_fiction_genre
370,non_fiction_genre
371,non_fiction_genre
372,non_fiction_genre
373,non_fiction_genre
374,non_fiction_genre
375,non_fiction_genre
376,non_fiction_genre
377,non_fiction_genre
378,non_fiction_genre
379,non_fiction_genre
380,non_fiction_genre
381,non_fiction_genre
382,non_fiction_genre
383,non_fiction_genre
384,non_fiction_genre
385,non_fiction_genre
386,non_fiction_genre
387,non_fiction_genre
388,non_fiction_genre
389,non_fiction_genre
390,non_fiction_genre
391,non_fiction_genre
392,non_fiction_genre
393,non_fiction_genre
394,non_fiction_genre
395,non_fiction_genre
396,non_fiction_genre
397,non_fiction_genre
398,non_fiction_genre
399,non_fiction_genre
400,non_fiction_genre
401,non_fiction_genre
402,non_fiction_genre
403,non_fiction_genre
404,non_fiction_genre
405,non_fiction_genre
406,non_fiction_genre
407,non_fiction_genre
408,non_fiction_genre
409,non_fiction_genre
410,non_fiction_genre
411,non_fiction_genre
412,non_fiction_genre
413,non_fiction_genre
414,non_fiction_genre
415,non_fiction_genre
416,non_fiction_genre
417,non_fiction_genre
418,non_fiction_genre
419,non_fiction_genre
420,non_fiction_genre
421,non_fiction_genre
422,non_fiction_genre
423,non_fiction_genre
424,non_fiction_genre
425,non_fiction_genre
426,non_fiction_genre
427,non_fiction_genre
428,non_fiction_genre
429,non_fiction_genre
430,non_fiction_genre
431,non_fiction_genre
432,non_fiction_genre
433,non_fiction_genre
434,non_fiction_genre
435,non_fiction_genre
436,non_fiction_genre
437,non_fiction_genre
438,non_fiction_genre
439,non_fiction_genre
440,non_fiction_genre
441,non_fiction_genre
442,non_fiction_genre
443,non_fiction_genre
444,non_fiction_genre
445,non_fiction_genre
446,non_fiction_genre
447,non_fiction_genre
448,non_fiction_genre
449,non_fiction_genre
450,non_fiction_genre
451,non_fiction_genre
452,non_fiction_genre
453,non_fiction_genre
454,non_fiction_genre
455,non_fiction_genre
456,non_fiction_genre
457,non_fiction_genre
458,non_fiction_genre
459,non_fiction_genre
460,non_fiction_genre
461,non_fiction_genre
462,non_fiction_genre
463,non_fiction_genre
464,non_fiction_genre
465,non_fiction_genre
466,non_fiction_genre
467,non_fiction_genre
468,non_fiction_genre
469,non_fiction_genre
470,non_fiction_genre
471,non_fiction_genre
472,non_fiction_genre
473,non_fiction_genre
474,non_fiction_genre
475,non_fiction_genre
476,non_fiction_genre
477,non_fiction_genre
478,non_fiction_genre
479,non_fiction_genre
480,non_fiction_genre
481,non_fiction_genre
482,non_fiction_genre
483,non_fiction_genre
484,non_fiction_genre
485,non_fiction_genre
486,non_fiction_genre
487,non_fiction_genre
488,non_fiction_genre
489,non_fiction_genre
490,non_fiction_genre
491,non_fiction_genre
492,non_fiction_genre
493,non_fiction_genre
494,non_fiction_genre
495,non_fiction_genre
496,non_fiction_genre
497,non_fiction_genre
498,non_fiction_genre
499,non_fiction_genre
500,non_fiction_genre
501,non_fiction_genre
502,non_fiction_genre
503,non_fiction_genre
504,non_fiction_genre
505,non_fiction_genre
506,non_fiction_genre
507,non_fiction_genre
508,non_fiction_genre
509,non_fiction_genre
510,non_fiction_genre
511,non_fiction_genre
512,non_fiction_genre
513,non_fiction_genre
514,non_fiction_genre
515,non_fiction_genre
516,non_fiction_genre
517,non_fiction_genre
518,non_fiction_genre
519,non_fiction_genre
520,non_fiction_genre
521,non_fiction_genre
522,non_fiction_genre
523,non_fiction_genre
524,non_fiction_genre
525,non_fiction_genre
526,non_fiction_genre
527,non_fiction_genre
528,non_fiction_genre
529,non_fiction_genre
530,non_fiction_genre
531,non_fiction_genre
532,non_fiction_genre
533,non_fiction_genre
534,non_fiction_genre
535,non_fiction_genre
536,non_fiction_genre
537,non_fiction_genre
538,non_fiction_genre
539,non_fiction_genre
540,non_fiction_genre
541,non_fiction_genre
542,non_fiction_genre
543,non_fiction_genre
544,non_fiction_genre
545,non_fiction_genre
546,non_fiction_genre
547,non_fiction_genre
548,non_fiction_genre
549,non_fiction_genre
550,non_fiction_genre
551,non_fiction_genre
552,non_fiction_genre
553,non_fiction_genre
554,non_fiction_genre
555,non_fiction_genre
556,non_fiction_genre
557,non_fiction_genre
558,non_fiction_genre
559,non_fiction_genre
560,non_fiction_genre
561,non_fiction_genre
562,non_fiction_genre
563,non_fiction_genre
564,non_fiction_genre
565,non_fiction_genre
566,non_fiction_genre
567,non_fiction_genre
568,non_fiction_genre
569,non_fiction_genre
570,non_fiction_genre
571,non_fiction_genre
572,non_fiction_genre
573,non_fiction_genre
574,non_fiction_genre
575,non_fiction_genre
576,non_fiction_genre
577,non_fiction_genre
578,non_fiction_genre
579,non_fiction_genre
580,non_fiction_genre
581,non_fiction_genre
582,non_fiction_genre
583,non_fiction_genre
584,non_fiction_genre
585,non_fiction_genre
586,non_fiction_genre
587,non_fiction_genre
588,non_fiction_genre
589,non_fiction_genre
590,non_fiction_genre
591,non_fiction_genre
592,non_fiction_genre
593,non_fiction_genre
594,non_fiction_genre
595,non_fiction_genre
596,non_fiction_genre
597,non_fiction_genre
598,non_fiction_genre
599,non_fiction_genre
600,non_fiction_genre
601,non_fiction_genre
602,non_fiction_genre
603,non_fiction_genre
604,non_fiction_genre
605,non_fiction_genre
606,non_fiction_genre
607,non_fiction_genre
608,non_fiction_genre
609,non_fiction_genre
610,non_fiction_genre
611,non_fiction_genre
612,non_fiction_genre
613,non_fiction_genre
614,non_fiction_genre
615,non_fiction_genre
616,non_fiction_genre
617,non_fiction_genre
618,non_fiction_genre
619,non_fiction_genre
620,non_fiction_genre
621,non_fiction_genre
622,non_fiction_genre
623,non_fiction_genre
624,non_fiction_genre
625,non_fiction_genre
626,non_fiction_genre
627,non_fiction_genre
628,non_fiction_genre
629,non_fiction_genre
630,non_fiction_genre
631,non_fiction_genre
632,non_fiction_genre
633,non_fiction_genre
634,non_fiction_genre
635,non_fiction_genre
636,non_fiction_genre
637,non_fiction_genre
638,non_fiction_genre
639,non_fiction_genre
640,non_fiction_genre
641,non_fiction_genre
642,non_fiction_genre
643,non_fiction_genre
644,non_fiction_genre
645,non_fiction_genre
646,non_fiction_genre
647,non_fiction_genre
648,non_fiction_genre
649,non_fiction_genre
650,non_fiction_genre
651,non_fiction_genre
652,non_fiction_genre
653,non_fiction_genre
654,non_fiction_genre
655,non_fiction_genre
656,non_fiction_genre
657,non_fiction_genre
658,non_fiction_genre
659,non_fiction_genre
660,non_fiction_genre
661,non_fiction_genre
662,non_fiction_genre
663,non_fiction_genre
664,non_fiction_genre
665,non_fiction_genre
666,non_fiction_genre
667,non_fiction_genre
668,non_fiction_genre
669,non_fiction_genre
670,non_fiction_genre
671,non_fiction_genre
672,non_fiction_genre
673,non_fiction_genre
674,non_fiction_genre
675,non_fiction_genre
676,non_fiction_genre
677,non_fiction_genre
678,non_fiction_genre
679,non_fiction_genre
680,non_fiction_genre
681,non_fiction_genre
682,non_fiction_genre
683,non_fiction_genre
684,non_fiction_genre
685,non_fiction_genre
686,non_fiction_genre
687,non_fiction_genre
688,non_fiction_genre
689,non_fiction_genre
690,non_fiction_genre
691,non_fiction_genre
692,non_fiction_genre
693,non_fiction_genre
694,non_fiction_genre
695,non_fiction_genre
696,non_fiction_genre
697,non_fiction_genre
698,non_fiction_genre
699,non_fiction_genre
700,non_fiction_genre
701,non_fiction_genre
702,non_fiction_genre
703,non_fiction_genre
704,non_fiction_genre
705,non_fiction_genre
706,non_fiction_genre
707,non_fiction_genre
708,non_fiction_genre
709,non_fiction_genre
710,non_fiction_genre
711,non_fiction_genre
712,non_fiction_genre
713,non_fiction_genre
714,non_fiction_genre
715,non_fiction_genre
716,non_fiction_genre
717,non_fiction_genre
718,non_fiction_genre
719,non_fiction_genre
720,non_fiction_genre
721,non_fiction_genre
722,non_fiction_genre
723,non_fiction_genre
724,non_fiction_genre
725,non_fiction_genre
726,non_fiction_genre
727,non_fiction_genre
728,non_fiction_genre
729,non_fiction_genre
730,non_fiction_genre
731,non_fiction_genre
732,non_fiction_genre
733,non_fiction_genre
734,non_fiction_genre
735,non_fiction_genre
736,non_fiction_genre
737,non_fiction_genre
738,non_fiction_genre
739,non_fiction_genre
740,non_fiction_genre
741,non_fiction_genre
742,non_fiction_genre
743,non_fiction_genre
744,non_fiction_genre
745,non_fiction_genre
746,fiction_genre
747,fiction_genre
748,fiction_genre
749,fiction_genre
750,fiction_genre
751,fiction_genre
752,fiction_genre
753,fiction_genre
754,fiction_genre
755,fiction_genre
756,fiction_genre
757,fiction_genre
758,fiction_genre
759,fiction_genre
760,fiction_genre
761,fiction_genre
762,fiction_genre
763,fiction_genre
764,fiction_genre
765,fiction_genre
766,fiction_genre
767,fiction_genre
768,fiction_genre
769,fiction_genre
770,fiction_genre
771,fiction_genre
772,fiction_genre
773,fiction_genre
774,fiction_genre
775,fiction_genre
776,fiction_genre
777,fiction_genre
778,fiction_genre
779,fiction_genre
780,fiction_genre
781,fiction_genre
782,fiction_genre
783,fiction_genre
784,fiction_genre
785,fiction_genre
786,fiction_genre
787,fiction_genre
788,fiction_genre
789,fiction_genre
790,fiction_genre
791,fiction_genre
792,fiction_genre
793,fiction_genre
794,fiction_genre
795,fiction_genre
796,fiction_genre
797,fiction_genre
798,fiction_genre
799,fiction_genre
800,fiction_genre
801,fiction_genre
802,fiction_genre
803,fiction_genre
804,fiction_genre
805,fiction_genre
806,fiction_genre
807,fiction_genre
808,fiction_genre
809,fiction_genre
810,fiction_genre
811,fiction_genre
812,fiction_genre
813,fiction_genre
814,fiction_genre
815,fiction_genre
816,fiction_genre
817,fiction_genre
818,fiction_genre
819,fiction_genre
820,fiction_genre
821,fiction_genre
822,fiction_genre
823,fiction_genre
824,fiction_genre
825,fiction_genre
826,fiction_genre
827,fiction_genre
828,fiction_genre
829,fiction_genre
830,fiction_genre
831,fiction_genre
832,fiction_genre
833,fiction_genre
834,fiction_genre
835,fiction_genre
836,fiction_genre
837,fiction_genre
838,fiction_genre
839,fiction_genre
840,fiction_genre
841,fiction_genre
842,fiction_genre
843,fiction_genre
844,fiction_genre
845,fiction_genre
846,fiction_genre
847,fiction_genre
848,fiction_genre
849,fiction_genre
850,fiction_genre
851,fiction_genre
852,fiction_genre
853,fiction_genre
854,fiction_genre
855,fiction_genre
856,fiction_genre
857,fiction_genre
858,fiction_genre
859,fiction_genre
860,fiction_genre
861,fiction_genre
862,fiction_genre
863,fiction_genre
864,fiction_genre
865,fiction_genre
866,fiction_genre
867,fiction_genre
868,fiction_genre
869,fiction_genre
870,fiction_genre
871,fiction_genre
872,fiction_genre
873,fiction_genre
874,fiction_genre
875,fiction_genre
876,fiction_genre
877,fiction_genre
878,fiction_genre
879,fiction_genre
880,fiction_genre
881,fiction_genre
882,fiction_genre
883,fiction_genre
884,fiction_genre
885,fiction_genre
886,fiction_genre
887,fiction_genre
888,fiction_genre
889,fiction_genre
890,fiction_genre
891,fiction_genre
892,fiction_genre
893,fiction_genre
894,fiction_genre
895,fiction_genre
896,fiction_genre
897,fiction_genre
898,fiction_genre
899,fiction_genre
900,fiction_genre
901,fiction_genre
902,fiction_genre
903,fiction_genre
904,fiction_genre
905,fiction_genre
906,fiction_genre
907,non_fiction_genre
908,non_fiction_genre
909,non_fiction_genre
910,non_fiction_genre
911,non_fiction_genre
912,non_fiction_genre
913,non_fiction_genre
914,non_fiction_genre
915,non_fiction_genre
916,non_fiction_genre
917,non_fiction_genre
918,non_fiction_genre
919,non_fiction_genre
920,non_fiction_genre
921,non_fiction_genre
922,non_fiction_genre
923,non_fiction_genre
924,non_fiction_genre
925,non_fiction_genre
926,non_fiction_genre
927,non_fiction_genre
928,non_fiction_genre
929,non_fiction_genre
930,non_fiction_genre
931,non_fiction_genre
932,non_fiction_genre
933,non_fiction_genre
934,non_fiction_genre
935,non_fiction_genre
936,non_fiction_genre
937,non_fiction_genre
938,non_fiction_genre
939,non_fiction_genre
940,non_fiction_genre
941,non_fiction_genre
942,non_fiction_genre
943,non_fiction_genre
944,non_fiction_genre
945,non_fiction_genre
946,non_fiction_genre
947,non_fiction_genre
948,non_fiction_genre
949,non_fiction_genre
950,non_fiction_genre
951,non_fiction_genre
952,non_fiction_genre
953,non_fiction_genre
954,non_fiction_genre
955,non_fiction_genre
956,non_fiction_genre
957,non_fiction_genre
958,non_fiction_genre
959,non_fiction_genre
960,non_fiction_genre
961,non_fiction_genre
962,non_fiction_genre
963,non_fiction_genre
964,non_fiction_genre
965,non_fiction_genre
966,non_fiction_genre
967,non_fiction_genre
968,non_fiction_genre
969,non_fiction_genre
970,non_fiction_genre
971,non_fiction_genre
972,non_fiction_genre
973,non_fiction_genre
974,non_fiction_genre
975,non_fiction_genre
976,non_fiction_genre
977,non_fiction_genre
978,non_fiction_genre
979,non_fiction_genre
980,non_fiction_genre
981,non_fiction_genre
982,non_fiction_genre
983,non_fiction_genre
984,non_fiction_genre
985,non_fiction_genre
986,non_fiction_genre
987,non_fiction_genre
988,non_fiction_genre
989,non_fiction_genre
990,non_fiction_genre
991,non_fiction_genre
992,non_fiction_genre
993,non_fiction_genre
994,non_fiction_genre
995,non_fiction_genre
996,non_fiction_genre
997,non_fiction_genre
998,non_fiction_genre
999,non_fiction_genre
1000,non_fiction_genre
1001,non_fiction_genre
1002,non_fiction_genre
1003,non_fiction_genre
1004,non_fiction_genre
1005,non_fiction_genre
1006,non_fiction_genre
1007,non_fiction_genre
1008,non_fiction_genre
1009,non_fiction_genre
1010,non_fiction_genre
1011,non_fiction_genre
1012,non_fiction_genre
1013,non_fiction_genre
1014,non_fiction_genre
1015,non_fiction_genre
1016,non_fiction_genre
1017,non_fiction_genre
1018,non_fiction_genre
1019,non_fiction_genre
1020,non_fiction_genre
1021,non_fiction_genre
1022,non_fiction_genre
1023,non_fiction_genre
1024,non_fiction_genre
1025,non_fiction_genre
1026,non_fiction_genre
1027,non_fiction_genre
1028,non_fiction_genre
1029,non_fiction_genre
1030,non_fiction_genre
1031,non_fiction_genre
1032,non_fiction_genre
1033,non_fiction_genre
1034,non_fiction_genre
1035,non_fiction_genre
1036,non_fiction_genre
1037,non_fiction_genre
1038,non_fiction_genre
1039,non_fiction_genre
1040,non_fiction_genre
1041,non_fiction_genre
1042,non_fiction_genre
1043,non_fiction_genre
1044,non_fiction_genre
1045,non_fiction_genre
1046,non_fiction_genre
1047,non_fiction_genre
1048,non_fiction_genre
1049,non_fiction_genre
1050,non_fiction_genre
1051,non_fiction_genre
1052,non_fiction_genre
1053,non_fiction_genre
1054,non_fiction_genre
1055,non_fiction_genre
1056,non_fiction_genre
1057,non_fiction_genre
1058,non_fiction_genre
1059,non_fiction_genre
1060,non_fiction_genre
1061,non_fiction_genre
1062,non_fiction_genre
1063,non_fiction_genre
1064,non_fiction_genre
1065,non_fiction_genre
1066,non_fiction_genre
1067,non_fiction_genre
1068,non_fiction_genre
1069,non_fiction_genre
1070,non_fiction_genre
1071,non_fiction_genre
1072,non_fiction_genre
1073,non_fiction_genre
1074,non_fiction_genre
1075,non_fiction_genre
1076,non_fiction_genre
1077,non_fiction_genre
1078,non_fiction_genre
1079,non_fiction_genre
1080,non_fiction_genre
1081,non_fiction_genre
1082,non_fiction_genre
1083,non_fiction_genre
1084,non_fiction_genre
1085,non_fiction_genre
1086,non_fiction_genre
1087,non_fiction_genre
1088,non_fiction_genre
1089,non_fiction_genre
1090,non_fiction_genre
1091,non_fiction_genre
1092,non_fiction_genre
1093,non_fiction_genre
1094,non_fiction_genre
1095,non_fiction_genre
1096,non_fiction_genre
1097,non_fiction_genre
1098,non_fiction_genre
1099,non_fiction_genre
1100,non_fiction_genre
1101,non_fiction_genre
1102,non_fiction_genre
1103,non_fiction_genre
1104,non_fiction_genre
1105,non_fiction_genre
1106,non_fiction_genre
1107,non_fiction_genre
1108,non_fiction_genre
1109,non_fiction_genre
1110,non_fiction_genre
1111,non_fiction_genre
1112,non_fiction_genre
1113,non_fiction_genre
1114,non_fiction_genre
1115,non_fiction_genre
1116,non_fiction_genre
1117,non_fiction_genre
1118,non_fiction_genre
1119,non_fiction_genre
1120,non_fiction_genre
1121,non_fiction_genre
1122,non_fiction_genre
1123,non_fiction_genre
1124,non_fiction_genre
1125,non_fiction_genre
1126,non_fiction_genre
1127,non_fiction_genre
1128,non_fiction_genre
1129,non_fiction_genre
1130,non_fiction_genre
1131,non_fiction_genre
1132,non_fiction_genre
1133,non_fiction_genre
1134,non_fiction_genre
1135,non_fiction_genre
1136,non_fiction_genre
1137,non_fiction_genre
1138,non_fiction_genre
1139,non_fiction_genre
1140,non_fiction_genre
1141,non_fiction_genre
1142,non_fiction_genre
1143,non_fiction_genre
1144,non_fiction_genre
1145,non_fiction_genre
1146,non_fiction_genre
1147,non_fiction_genre
1148,non_fiction_genre
1149,non_fiction_genre
1150,non_fiction_genre
1151,non_fiction_genre
1152,non_fiction_genre
1153,non_fiction_genre
1154,non_fiction_genre
1155,non_fiction_genre
1156,non_fiction_genre
1157,non_fiction_genre
1158,non_fiction_genre
1159,non_fiction_genre
1160,non_fiction_genre
1161,non_fiction_genre
1162,non_fiction_genre
1163,non_fiction_genre
1164,non_fiction_genre
1165,non_fiction_genre
1166,non_fiction_genre
1167,non_fiction_genre
1168,non_fiction_genre
1169,non_fiction_genre
1170,non_fiction_genre
1171,non_fiction_genre
1172,non_fiction_genre
1173,non_fiction_genre
1174,non_fiction_genre
1175,non_fiction_genre
1176,non_fiction_genre
1177,non_fiction_genre
1178,non_fiction_genre
1179,non_fiction_genre
1180,non_fiction_genre
1181,non_fiction_genre
1182,non_fiction_genre
1183,non_fiction_genre
1184,non_fiction_genre
1185,non_fiction_genre
1186,non_fiction_genre
1187,non_fiction_genre
1188,non_fiction_genre
1189,non_fiction_genre
1190,non_fiction_genre
1191,non_fiction_genre
1192,non_fiction_genre
1193,non_fiction_genre
1194,non_fiction_genre
1195,non_fiction_genre
1196,non_fiction_genre
1197,non_fiction_genre
1198,non_fiction_genre
1199,non_fiction_genre
1200,non_fiction_genre
1201,non_fiction_genre
1202,non_fiction_genre
1203,non_fiction_genre
1204,non_fiction_genre
1205,non_fiction_genre
1206,non_fiction_genre
1207,non_fiction_genre
1208,non_fiction_genre
1209,non_fiction_genre
1210,non_fiction_genre
1211,non_fiction_genre
1212,non_fiction_genre
1213,non_fiction_genre
1214,non_fiction_genre
1215,non_fiction_genre
1216,non_fiction_genre
1217,non_fiction_genre
1218,non_fiction_genre
1219,non_fiction_genre
1220,non_fiction_genre
1221,non_fiction_genre
1222,non_fiction_genre
1223,non_fiction_genre
1224,non_fiction_genre
1225,non_fiction_genre
1226,non_fiction_genre
1227,non_fiction_genre
1228,non_fiction_genre
1229,non_fiction_genre
1230,non_fiction_genre
1231,non_fiction_genre
1232,non_fiction_genre
1233,non_fiction_genre
1234,non_fiction_genre
1235,non_fiction_genre
1236,non_fiction_genre
1237,non_fiction_genre
1238,non_fiction_genre
1239,non_fiction_genre
1240,non_fiction_genre
1241,non_fiction_genre
1242,non_fiction_genre
1243,non_fiction_genre
1244,non_fiction_genre
1245,non_fiction_genre
1246,non_fiction_genre
1247,non_fiction_genre
1248,non_fiction_genre
1249,non_fiction_genre
1250,non_fiction_genre
1251,non_fiction_genre
1252,non_fiction_genre
1253,non_fiction_genre
1254,non_fiction_genre
1255,non_fiction_genre
1256,non_fiction_genre
1257,non_fiction_genre
1258,non_fiction_genre
1259,non_fiction_genre
1260,non_fiction_genre
1261,non_fiction_genre
1262,non_fiction_genre
1263,non_fiction_genre
1264,non_fiction_genre
1265,non_fiction_genre
1266,non_fiction_genre
1267,non_fiction_genre
1268,non_fiction_genre
1269,non_fiction_genre
1270,non_fiction_genre
1271,non_fiction_genre
1272,non_fiction_genre
1273,non_fiction_genre
1274,non_fiction_genre
1275,non_fiction_genre
1276,non_fiction_genre
1277,non_fiction_genre
1278,non_fiction_genre
1279,non_fiction_genre
1280,non_fiction_genre
1281,non_fiction_genre
1282,non_fiction_genre
1283,non_fiction_genre
1284,non_fiction_genre
1285,non_fiction_genre
1286,non_fiction_genre
1287,non_fiction_genre
1288,non_fiction_genre
1289,non_fiction_genre
1290,non_fiction_genre
1291,non_fiction_genre
1292,non_fiction_genre
1293,non_fiction_genre
1294,non_fiction_genre
1295,non_fiction_genre
1296,non_fiction_genre
1297,non_fiction_genre
1298,non_fiction_genre
1299,non_fiction_genre
1300,non_fiction_genre
1301,non_fiction_genre
1302,non_fiction_genre
1303,non_fiction_genre
1304,non_fiction_genre
1305,non_fiction_genre
1306,non_fiction_genre
1307,non_fiction_genre
1308,non_fiction_genre
1309,non_fiction_genre
1310,non_fiction_genre
1311,non_fiction_genre
1312,non_fiction_genre
1313,non_fiction_genre
1314,non_fiction_genre
1315,non_fiction_genre
1316,non_fiction_genre
1317,non_fiction_genre
1318,non_fiction_genre
1319,non_fiction_genre
1320,non_fiction_genre
1321,non_fiction_genre
1322,non_fiction_genre
1323,non_fiction_genre
1324,non_fiction_genre
1325,non_fiction_genre
1326,non_fiction_genre
1327,non_fiction_genre
1328,non_fiction_genre
1329,non_fiction_genre
1330,non_fiction_genre
1331,non_fiction_genre
1332,non_fiction_genre
1333,non_fiction_genre
1334,non_fiction_genre
1335,non_fiction_genre
1336,non_fiction_genre
1337,non_fiction_genre
1338,non_fiction_genre
1339,non_fiction_genre
1340,non_fiction_genre
1341,non_fiction_genre
1342,non_fiction_genre
1343,non_fiction_genre
1344,non_fiction_genre
1345,non_fiction_genre
1346,non_fiction_genre
1347,non_fiction_genre
1348,non_fiction_genre
1349,non_fiction_genre
1350,non_fiction_genre
1351,non_fiction_genre
1352,non_fiction_genre
1353,non_fiction_genre
1354,non_fiction_genre
1355,non_fiction_genre
1356,non_fiction_genre
1357,non_fiction_genre
1358,non_fiction_genre
1359,non_fiction_genre
1360,non_fiction_genre
1361,non_fiction_genre
1362,non_fiction_genre
1363,non_fiction_genre
1364,non_fiction_genre
1365,non_fiction_genre
1366,non_fiction_genre
1367,non_fiction_genre
1368,non_fiction_genre
1369,non_fiction_genre
1370,non_fiction_genre
1371,non_fiction_genre
1372,non_fiction_genre
1373,non_fiction_genre
1374,non_fiction_genre
1375,non_fiction_genre
1376,non_fiction_genre
1377,non_fiction_genre
1378,non_fiction_genre
1379,non_fiction_genre
1380,non_fiction_genre
1381,non_fiction_genre
1382,non_fiction_genre
1383,non_fiction_genre
1384,non_fiction_genre
1385,non_fiction_genre
1386,non_fiction_genre
1387,non_fiction_genre
1388,non_fiction_genre
1389,non_fiction_genre
1390,non_fiction_genre
1391,non_fiction_genre
1392,non_fiction_genre
1393,non_fiction_genre
1394,non_fiction_genre
1395,non_fiction_genre
1396,non_fiction_genre
1397,non_fiction_genre
1398,non_fiction_genre
1399,non_fiction_genre
1400,non_fiction_genre
1401,non_fiction_genre
1402,non_fiction_genre
1403,non_fiction_genre
1404,non_fiction_genre
1405,non_fiction_genre
1406,non_fiction_genre
1407,non_fiction_genre
1408,non_fiction_genre
1409,non_fiction_genre
1410,non_fiction_genre
1411,non_fiction_genre
1412,non_fiction_genre
1413,non_fiction_genre
1414,non_fiction_genre
1415,non_fiction_genre
1416,non_fiction_genre
1417,non_fiction_genre
1418,non_fiction_genre
1419,non_fiction_genre
1420,non_fiction_genre
1421,non_fiction_genre
1422,non_fiction_genre
1423,non_fiction_genre
1424,non_fiction_genre
1425,non_fiction_genre
1426,non_fiction_genre
1427,non_fiction_genre
1428,non_fiction_genre
1429,non_fiction_genre
1430,non_fiction_genre
1431,non_fiction_genre
1432,non_fiction_genre
1433,non_fiction_genre
1434,non_fiction_genre
1435,non_fiction_genre
1436,non_fiction_genre
1437,non_fiction_genre
1438,non_fiction_genre
1439,non_fiction_genre
1440,non_fiction_genre
1441,non_fiction_genre
1442,non_fiction_genre
1443,non_fiction_genre
1444,non_fiction_genre
1445,non_fiction_genre
1446,non_fiction_genre
1447,non_fiction_genre
1448,non_fiction_genre
1449,non_fiction_genre
1450,non_fiction_genre
1451,non_fiction_genre
1452,non_fiction_genre
1453,non_fiction_genre
1454,non_fiction_genre
1455,non_fiction_genre
1456,non_fiction_genre
1457,non_fiction_genre
1458,non_fiction_genre
1459,non_fiction_genre
1460,non_fiction_genre
1461,non_fiction_genre
1462,non_fiction_genre
1463,non_fiction_genre
1464,non_fiction_genre
1465,non_fiction_genre
1466,non_fiction_genre
1467,non_fiction_genre
1468,non_fiction_genre
1469,non_fiction_genre
1470,non_fiction_genre
1471,non_fiction_genre
1472,non_fiction_genre
1473,non_fiction_genre
1474,non_fiction_genre
1475,non_fiction_genre
1476,non_fiction_genre
1477,non_fiction_genre
1478,non_fiction_genre
1479,non_fiction_genre
1480,non_fiction_genre
1481,non_fiction_genre
1482,non_fiction_genre
1483,non_fiction_genre
1484,non_fiction_genre
1485,non_fiction_genre
1486,non_fiction_genre
1487,non_fiction_genre
1488,non_fiction_genre
1489,non_fiction_genre
1490,non_fiction_genre
1491,non_fiction_genre
1492,non_fiction_genre
1493,non_fiction_genre
1494,non_fiction_genre
1495,non_fiction_genre
1496,non_fiction_genre
1497,non_fiction_genre
1498,non_fiction_genre
1499,non_fiction_genre
1500,non_fiction_genre
1501,non_fiction_genre
1502,non_fiction_genre
1503,non_fiction_genre
1504,non_fiction_genre
1505,non_fiction_genre
1506,non_fiction_genre
1507,non_fiction_genre
1508,non_fiction_genre
1509,non_fiction_genre
